{"lr-SGD": 8e-07, "lr-SGD-momentum": 0.95, "trainer/global_step": 39100, "_runtime": 5384, "_timestamp": 1639935605, "_step": 1678, "train.acc": 0.9750000238418579, "train.loss": 0.7360305190086365, "train.loss_ema": 0.07360304892063141, "epoch": 99, "val.acc": 0.9257000088691711, "test.acc": 0.8927000164985657, "test.gaussian_noise": 0.8888000249862671, "test.shot_noise": 0.9010199904441833, "test.impulse_noise": 0.8414000272750854, "test.defocus_blur": 0.9051399827003479, "test.glass_blur": 0.8524799942970276, "test.motion_blur": 0.8857200145721436, "test.zoom_blur": 0.9015799760818481, "test.snow": 0.8791599869728088, "test.frost": 0.891759991645813, "test.fog": 0.8593999743461609, "test.brightness": 0.9187399744987488, "test.contrast": 0.8806800246238708, "test.elastic_transform": 0.8855999708175659, "test.pixelate": 0.8886200189590454, "test.jpeg_compression": 0.8927000164985657, "test_avg.acc": 0.8848533312479655, "_wandb": {"runtime": 5385}}