{"lr-SGD": 8e-07, "lr-SGD-momentum": 0.95, "trainer/global_step": 39100, "_runtime": 4983, "_timestamp": 1639930191, "_step": 1678, "train.acc": 0.9750000238418579, "train.loss": 1.3750598430633545, "train.loss_ema": 0.13750597834587097, "epoch": 99, "val.acc": 0.7653999924659729, "test.acc": 0.6669399738311768, "test.gaussian_noise": 0.6687999963760376, "test.shot_noise": 0.7005599737167358, "test.impulse_noise": 0.5664200186729431, "test.defocus_blur": 0.7144399881362915, "test.glass_blur": 0.5938199758529663, "test.motion_blur": 0.6811400055885315, "test.zoom_blur": 0.7025799751281738, "test.snow": 0.678659975528717, "test.frost": 0.6846200227737427, "test.fog": 0.6716399788856506, "test.brightness": 0.7408000230789185, "test.contrast": 0.686959981918335, "test.elastic_transform": 0.6852800250053406, "test.pixelate": 0.6701200008392334, "test.jpeg_compression": 0.6669399738311768, "test_avg.acc": 0.674185327688853, "_wandb": {"runtime": 4984}}