{"lr-SGD": 8e-07, "lr-SGD-momentum": 0.95, "trainer/global_step": 39100, "_runtime": 8434, "_timestamp": 1639944762, "_step": 1678, "train.acc": 0.9750000238418579, "train.loss": 1.584055781364441, "train.loss_ema": 0.15840557217597961, "epoch": 99, "val.acc": 0.7696999907493591, "test.acc": 0.6628000140190125, "test.gaussian_noise": 0.6629599928855896, "test.shot_noise": 0.6963000297546387, "test.impulse_noise": 0.5418400168418884, "test.defocus_blur": 0.7145599722862244, "test.glass_blur": 0.5925999879837036, "test.motion_blur": 0.6827600002288818, "test.zoom_blur": 0.7030799984931946, "test.snow": 0.6786800026893616, "test.frost": 0.6853399872779846, "test.fog": 0.675000011920929, "test.brightness": 0.7422400116920471, "test.contrast": 0.6911799907684326, "test.elastic_transform": 0.6910799741744995, "test.pixelate": 0.6697800159454346, "test.jpeg_compression": 0.6628000140190125, "test_avg.acc": 0.6726800004641215, "_wandb": {"runtime": 8422}}