{"lr-SGD": 8e-07, "lr-SGD-momentum": 0.95, "trainer/global_step": 50100, "_runtime": 24620, "_timestamp": 1639982315, "_step": 2118, "train.acc": 0.6888889074325562, "train.loss": 1.7919540405273438, "train.loss_ema": 0.17919540405273438, "epoch": 99, "val.acc": 0.7983999848365784, "test.acc": 0.7574800252914429, "test.gaussian_noise": 0.7391600012779236, "test.shot_noise": 0.7399600148200989, "test.impulse_noise": 0.7405999898910522, "test.defocus_blur": 0.5004400014877319, "test.glass_blur": 0.583079993724823, "test.motion_blur": 0.5676800012588501, "test.zoom_blur": 0.6000000238418579, "test.snow": 0.5163999795913696, "test.frost": 0.5966399908065796, "test.fog": 0.47775998711586, "test.brightness": 0.7364000082015991, "test.contrast": 0.5830000042915344, "test.elastic_transform": 0.6657999753952026, "test.pixelate": 0.7714400291442871, "test.jpeg_compression": 0.7574800252914429, "test_avg.acc": 0.6383893350760143, "_wandb": {"runtime": 24620}}