{"lr-SGD": 8e-07, "lr-SGD-momentum": 0.95, "trainer/global_step": 39100, "_runtime": 6101, "_timestamp": 1639915100, "_step": 1678, "train.acc": 0.9750000238418579, "train.loss": 1.5656497478485107, "train.loss_ema": 0.15656498074531555, "epoch": 99, "val.acc": 0.7699999809265137, "test.acc": 0.6605600118637085, "test.gaussian_noise": 0.6664000153541565, "test.shot_noise": 0.7003800272941589, "test.impulse_noise": 0.5730800032615662, "test.defocus_blur": 0.7231199741363525, "test.glass_blur": 0.5705400109291077, "test.motion_blur": 0.6909400224685669, "test.zoom_blur": 0.7104200124740601, "test.snow": 0.6786800026893616, "test.frost": 0.6797599792480469, "test.fog": 0.6768199801445007, "test.brightness": 0.7457799911499023, "test.contrast": 0.6945400238037109, "test.elastic_transform": 0.6917999982833862, "test.pixelate": 0.6725999712944031, "test.jpeg_compression": 0.6605600118637085, "test_avg.acc": 0.6756946682929993, "_wandb": {"runtime": 6101}}