{"lr-SGD": 8e-07, "lr-SGD-momentum": 0.95, "trainer/global_step": 50100, "_runtime": 24688, "_timestamp": 1639953362, "_step": 2118, "train.acc": 0.7925925850868225, "train.loss": 1.3347902297973633, "train.loss_ema": 0.1334790289402008, "epoch": 99, "val.acc": 0.8537999987602234, "test.acc": 0.8147600293159485, "test.gaussian_noise": 0.797760009765625, "test.shot_noise": 0.7907199859619141, "test.impulse_noise": 0.7934399843215942, "test.defocus_blur": 0.5837200284004211, "test.glass_blur": 0.6687600016593933, "test.motion_blur": 0.6724399924278259, "test.zoom_blur": 0.6940400004386902, "test.snow": 0.6113600134849548, "test.frost": 0.6773599982261658, "test.fog": 0.5712400078773499, "test.brightness": 0.8102800250053406, "test.contrast": 0.6848000288009644, "test.elastic_transform": 0.7430800199508667, "test.pixelate": 0.8236799836158752, "test.jpeg_compression": 0.8147600293159485, "test_avg.acc": 0.715829340616862, "_wandb": {"runtime": 24688}}