{"lr-SGD": 8e-07, "lr-SGD-momentum": 0.95, "trainer/global_step": 39099, "_runtime": 4555, "_timestamp": 1639907236, "_step": 1663, "train.acc": 0.9624999761581421, "train.loss": 1.7205474376678467, "train.loss_ema": 0.1720547378063202, "epoch": 99, "val.acc": 0.7648000121116638, "_wandb": {"runtime": 4570}}