{"lr-SGD": 8e-07, "lr-SGD-momentum": 0.95, "trainer/global_step": 50100, "_runtime": 24676, "_timestamp": 1639927926, "_step": 2118, "train.acc": 0.8666666746139526, "train.loss": 1.1137025356292725, "train.loss_ema": 0.1113702580332756, "epoch": 99, "val.acc": 0.8503999710083008, "test.acc": 0.8157600164413452, "test.gaussian_noise": 0.7901999950408936, "test.shot_noise": 0.7893999814987183, "test.impulse_noise": 0.7968000173568726, "test.defocus_blur": 0.5913599729537964, "test.glass_blur": 0.6675199866294861, "test.motion_blur": 0.6647999882698059, "test.zoom_blur": 0.6839200258255005, "test.snow": 0.6123600006103516, "test.frost": 0.6851599812507629, "test.fog": 0.5676800012588501, "test.brightness": 0.8008800148963928, "test.contrast": 0.6558799743652344, "test.elastic_transform": 0.7432000041007996, "test.pixelate": 0.8235599994659424, "test.jpeg_compression": 0.8157600164413452, "test_avg.acc": 0.7125653306643168, "_wandb": {"runtime": 24676}}