{"lr-SGD": 8e-07, "lr-SGD-momentum": 0.95, "trainer/global_step": 39100, "_runtime": 5983, "_timestamp": 1639923914, "_step": 1678, "train.acc": 0.987500011920929, "train.loss": 1.4740359783172607, "train.loss_ema": 0.14740359783172607, "epoch": 99, "val.acc": 0.7634000182151794, "test.acc": 0.6688399910926819, "test.gaussian_noise": 0.6760600209236145, "test.shot_noise": 0.7009000182151794, "test.impulse_noise": 0.5636199712753296, "test.defocus_blur": 0.7174000144004822, "test.glass_blur": 0.5921599864959717, "test.motion_blur": 0.6862000226974487, "test.zoom_blur": 0.7041599750518799, "test.snow": 0.6719200015068054, "test.frost": 0.674019992351532, "test.fog": 0.657260000705719, "test.brightness": 0.7401000261306763, "test.contrast": 0.6749600172042847, "test.elastic_transform": 0.6886600255966187, "test.pixelate": 0.6773200035095215, "test.jpeg_compression": 0.6688399910926819, "test_avg.acc": 0.6729053378105163, "_wandb": {"runtime": 5983}}