{"lr-SGD": 8.914150370859856e-07, "lr-SGD-momentum": 0.9499999542922986, "trainer/global_step": 49566, "_runtime": 16157, "_timestamp": 1639974529, "_step": 2029, "train.acc": 0.73046875, "train.loss": 1.1235625743865967, "epoch": 32, "val.acc": 0.8185999989509583, "test.acc": 0.7167199850082397, "test.gaussian_noise": 0.6689599752426147, "test.shot_noise": 0.6718000173568726, "test.impulse_noise": 0.6692799925804138, "test.defocus_blur": 0.5634400248527527, "test.glass_blur": 0.5170400142669678, "test.motion_blur": 0.5371999740600586, "test.zoom_blur": 0.6289600133895874, "test.snow": 0.46823999285697937, "test.frost": 0.5235199928283691, "test.fog": 0.5013599991798401, "test.brightness": 0.7598000168800354, "test.contrast": 0.4190399944782257, "test.elastic_transform": 0.6416400074958801, "test.pixelate": 0.76419997215271, "test.jpeg_compression": 0.7167199850082397, "test_avg.acc": 0.6034133315086365, "_wandb": {"runtime": 16157}}