{"lr-SGD": 0.008187202808854543, "lr-SGD-momentum": 0.9499024985370549, "trainer/global_step": 249, "_runtime": 183, "_timestamp": 1639863636, "_step": 9, "train.acc": 0.01171875, "train.loss": 5.198529243469238, "train.loss_ema": 0.519852876663208, "epoch": 0, "_wandb": {"runtime": 187}}