{"lr-SGD": 8e-07, "lr-SGD-momentum": 0.95, "trainer/global_step": 50100, "_runtime": 35509, "_timestamp": 1639992453, "_step": 2118, "train.acc": 0.7777777910232544, "train.loss": 1.5984258651733398, "train.loss_ema": 0.1598425805568695, "epoch": 99, "val.acc": 0.8140000104904175, "test.acc": 0.7405999898910522, "test.gaussian_noise": 0.7153199911117554, "test.shot_noise": 0.7035199999809265, "test.impulse_noise": 0.70660001039505, "test.defocus_blur": 0.5047600269317627, "test.glass_blur": 0.5587599873542786, "test.motion_blur": 0.573639988899231, "test.zoom_blur": 0.6478000283241272, "test.snow": 0.5314000248908997, "test.frost": 0.5827599763870239, "test.fog": 0.5298399925231934, "test.brightness": 0.7471200227737427, "test.contrast": 0.5628399848937988, "test.elastic_transform": 0.6805599927902222, "test.pixelate": 0.7579600214958191, "test.jpeg_compression": 0.7405999898910522, "test_avg.acc": 0.6362320025761922, "_wandb": {"runtime": 35509}}