{"lr-SGD": 8e-07, "lr-SGD-momentum": 0.95, "trainer/global_step": 39100, "_runtime": 6090, "_timestamp": 1639923964, "_step": 1678, "train.acc": 0.9750000238418579, "train.loss": 1.6543923616409302, "train.loss_ema": 0.16543924808502197, "epoch": 99, "val.acc": 0.7724999785423279, "test.acc": 0.6620399951934814, "test.gaussian_noise": 0.6720799803733826, "test.shot_noise": 0.6993600130081177, "test.impulse_noise": 0.5710999965667725, "test.defocus_blur": 0.7205600142478943, "test.glass_blur": 0.5911200046539307, "test.motion_blur": 0.6849200129508972, "test.zoom_blur": 0.7065799832344055, "test.snow": 0.6778200268745422, "test.frost": 0.682640016078949, "test.fog": 0.6710399985313416, "test.brightness": 0.7481200098991394, "test.contrast": 0.6924399733543396, "test.elastic_transform": 0.6881999969482422, "test.pixelate": 0.6733599901199341, "test.jpeg_compression": 0.6620399951934814, "test_avg.acc": 0.676092000802358, "_wandb": {"runtime": 6091}}