{"lr-SGD": 8.914150370859856e-07, "lr-SGD-momentum": 0.9499999542922986, "trainer/global_step": 49566, "_runtime": 15190, "_timestamp": 1639974198, "_step": 2029, "train.acc": 0.703125, "train.loss": 1.2633765935897827, "epoch": 32, "val.acc": 0.8151999711990356, "test.acc": 0.7387999892234802, "test.gaussian_noise": 0.6834400296211243, "test.shot_noise": 0.6740800142288208, "test.impulse_noise": 0.6733199954032898, "test.defocus_blur": 0.5752000212669373, "test.glass_blur": 0.5557600259780884, "test.motion_blur": 0.5515199899673462, "test.zoom_blur": 0.5808799862861633, "test.snow": 0.46404001116752625, "test.frost": 0.5541599988937378, "test.fog": 0.5060399770736694, "test.brightness": 0.7596799731254578, "test.contrast": 0.4487200081348419, "test.elastic_transform": 0.6267600059509277, "test.pixelate": 0.7789999842643738, "test.jpeg_compression": 0.7387999892234802, "test_avg.acc": 0.6114266673723857, "_wandb": {"runtime": 15190}}