{"lr-SGD": 8e-07, "lr-SGD-momentum": 0.95, "trainer/global_step": 39100, "_runtime": 4763, "_timestamp": 1639913811, "_step": 1678, "train.acc": 0.925000011920929, "train.loss": 1.5422098636627197, "train.loss_ema": 0.15422099828720093, "epoch": 99, "val.acc": 0.7689999938011169, "test.acc": 0.6647400259971619, "test.gaussian_noise": 0.6539199948310852, "test.shot_noise": 0.6945800185203552, "test.impulse_noise": 0.5387799739837646, "test.defocus_blur": 0.7168400287628174, "test.glass_blur": 0.5831000208854675, "test.motion_blur": 0.6852200031280518, "test.zoom_blur": 0.7042199969291687, "test.snow": 0.6770399808883667, "test.frost": 0.6781200170516968, "test.fog": 0.6688200235366821, "test.brightness": 0.740119993686676, "test.contrast": 0.6812000274658203, "test.elastic_transform": 0.6902599930763245, "test.pixelate": 0.6726999878883362, "test.jpeg_compression": 0.6647400259971619, "test_avg.acc": 0.669977339108785, "_wandb": {"runtime": 4764}}