{"lr-SGD": 8e-07, "lr-SGD-momentum": 0.95, "trainer/global_step": 39100, "_runtime": 5008, "_timestamp": 1639922791, "_step": 1678, "train.acc": 0.949999988079071, "train.loss": 1.3863110542297363, "train.loss_ema": 0.13863110542297363, "epoch": 99, "val.acc": 0.7667999863624573, "test.acc": 0.6685400009155273, "test.gaussian_noise": 0.6701599955558777, "test.shot_noise": 0.7003600001335144, "test.impulse_noise": 0.5683799982070923, "test.defocus_blur": 0.7168599963188171, "test.glass_blur": 0.5985999703407288, "test.motion_blur": 0.6848599910736084, "test.zoom_blur": 0.7034000158309937, "test.snow": 0.6769800186157227, "test.frost": 0.6815999746322632, "test.fog": 0.6661800146102905, "test.brightness": 0.7430999875068665, "test.contrast": 0.688260018825531, "test.elastic_transform": 0.6881600022315979, "test.pixelate": 0.6715999841690063, "test.jpeg_compression": 0.6685400009155273, "test_avg.acc": 0.6751359979311625, "_wandb": {"runtime": 5009}}