{"lr-SGD": 8e-07, "lr-SGD-momentum": 0.95, "trainer/global_step": 50100, "_runtime": 24301, "_timestamp": 1639952937, "_step": 2118, "train.acc": 0.8296296000480652, "train.loss": 1.3257668018341064, "train.loss_ema": 0.13257667422294617, "epoch": 99, "val.acc": 0.8551999926567078, "test.acc": 0.8187599778175354, "test.gaussian_noise": 0.8010799884796143, "test.shot_noise": 0.7990800142288208, "test.impulse_noise": 0.8014400005340576, "test.defocus_blur": 0.5843999981880188, "test.glass_blur": 0.6675999760627747, "test.motion_blur": 0.6644399762153625, "test.zoom_blur": 0.6901999711990356, "test.snow": 0.6094800233840942, "test.frost": 0.685920000076294, "test.fog": 0.5613600015640259, "test.brightness": 0.8066400289535522, "test.contrast": 0.669439971446991, "test.elastic_transform": 0.744159996509552, "test.pixelate": 0.8284000158309937, "test.jpeg_compression": 0.8187599778175354, "test_avg.acc": 0.7154933293660481, "_wandb": {"runtime": 24300}}