{"lr-SGD": 8e-07, "lr-SGD-momentum": 0.95, "trainer/global_step": 39100, "_runtime": 8491, "_timestamp": 1639944806, "_step": 1678, "train.acc": 0.9750000238418579, "train.loss": 0.7014557123184204, "train.loss_ema": 0.07014557719230652, "epoch": 99, "val.acc": 0.9273999929428101, "test.acc": 0.8912400007247925, "test.gaussian_noise": 0.8828399777412415, "test.shot_noise": 0.8977199792861938, "test.impulse_noise": 0.805840015411377, "test.defocus_blur": 0.9070600271224976, "test.glass_blur": 0.853879988193512, "test.motion_blur": 0.8894799947738647, "test.zoom_blur": 0.9039599895477295, "test.snow": 0.8774999976158142, "test.frost": 0.8893799781799316, "test.fog": 0.8633400201797485, "test.brightness": 0.916379988193512, "test.contrast": 0.8822600245475769, "test.elastic_transform": 0.8881999850273132, "test.pixelate": 0.8878999948501587, "test.jpeg_compression": 0.8912400007247925, "test_avg.acc": 0.8824653307596843, "_wandb": {"runtime": 8484}}