{"lr-SGD": 8e-07, "lr-SGD-momentum": 0.95, "trainer/global_step": 39100, "_runtime": 5222, "_timestamp": 1639941193, "_step": 1678, "train.acc": 0.949999988079071, "train.loss": 1.6224923133850098, "train.loss_ema": 0.16224923729896545, "epoch": 99, "val.acc": 0.7716000080108643, "test.acc": 0.6609399914741516, "test.gaussian_noise": 0.6494200229644775, "test.shot_noise": 0.6873999834060669, "test.impulse_noise": 0.5061200261116028, "test.defocus_blur": 0.7182999849319458, "test.glass_blur": 0.5910800099372864, "test.motion_blur": 0.6831600069999695, "test.zoom_blur": 0.7082599997520447, "test.snow": 0.6733400225639343, "test.frost": 0.6778600215911865, "test.fog": 0.6758400201797485, "test.brightness": 0.7400199770927429, "test.contrast": 0.6885799765586853, "test.elastic_transform": 0.690339982509613, "test.pixelate": 0.6751599907875061, "test.jpeg_compression": 0.6609399914741516, "test_avg.acc": 0.6683880011240642, "_wandb": {"runtime": 5223}}