{"lr-SGD": 8e-07, "lr-SGD-momentum": 0.95, "trainer/global_step": 39100, "_runtime": 5439, "_timestamp": 1639941539, "_step": 1678, "train.acc": 0.9750000238418579, "train.loss": 0.7215318083763123, "train.loss_ema": 0.07215318083763123, "epoch": 99, "val.acc": 0.926800012588501, "test.acc": 0.891480028629303, "test.gaussian_noise": 0.8766999840736389, "test.shot_noise": 0.8942400217056274, "test.impulse_noise": 0.776639997959137, "test.defocus_blur": 0.9052000045776367, "test.glass_blur": 0.8517400026321411, "test.motion_blur": 0.8853999972343445, "test.zoom_blur": 0.9007599949836731, "test.snow": 0.8786799907684326, "test.frost": 0.8904399871826172, "test.fog": 0.8643400073051453, "test.brightness": 0.9174000024795532, "test.contrast": 0.8819599747657776, "test.elastic_transform": 0.8853600025177002, "test.pixelate": 0.8903399705886841, "test.jpeg_compression": 0.891480028629303, "test_avg.acc": 0.8793786644935608, "_wandb": {"runtime": 5440}}